Regione;Percentuale femmine in cerca di occupazione;Percentuale maschi in cerca di occupazione
Piemonte;49.36;33.11
Valle d'Aosta;19.98;30.09
Lombardia;37.27;28.90
Trentino-Alto Adige;22.35;13.77
Veneto;37.46;30.12
Friuli-Venezia Giulia;33.04;28.68
Liguria;38.10;36.51
Emilia-Romagna;32.81;22.69
Toscana;34.07;31.15
Umbria;46.31;36.93
Marche;37.52;35.46
Lazio;54.06;47.86
Abruzzo;46.60;42.84
Molise;55.66;48.18
Campania;58.83;56.75
Puglia;56.45;51.05
Basilicata;61.02;44.20
Calabria;60.03;57.51
Sicilia;64.08;52.86
Sardegna;57.49;49.19
