Regione;Femmine con grave deprivazione materiale;Maschi con grave deprivazione materiale;Persone con grave deprivazione materiale
Piemonte;50623;33828;84451
Valle d'Aosta;1659;1935;3593
Lombardia;130379;98928;229306
Trentino-Alto Adige;7009;5254;12263
Veneto;91617;65885;157502
Friuli-Venezia Giulia;20838;16916;37753
Liguria;34010;26437;60447
Emilia-Romagna;64398;65205;129602
Toscana;37633;41796;79430
Umbria;17813;15066;32880
Marche;37980;29927;67907
Lazio;105025;114985;220009
Abruzzo;33405;26149;59554
Molise;7743;10602;18345
Campania;443906;386101;830007
Puglia;234069;199497;433566
Basilicata;29772;30280;60052
Calabria;134492;149653;284145
Sicilia;393849;401294;795144
Sardegna;92027;74350;166377
